station_id,x_coord,y_coord,city,area_type,frequency_mhz,power_watts,night_power_watts,bandwidth_mhz,station_class,pattern_type,azimuth_deg,is_border_station,antenna_height_m,ground_conductivity
KTSR,-121.727807,37.415249,San Jose,urban,0.82,28886,0,0.01,D,DA-N,167,False,41,0.0108668977653745
KPEY,-122.398648,37.824086,Oakland,urban,1.43,25537,25916,0.01,B,ND,0,False,103,0.0223706188280036
KIPE,-118.26859,34.021969,Los Angeles,urban,0.82,24172,0,0.01,D,DA-N,"123,255",False,139,0.0143574803334613
KDYV,-117.882072,33.745455,Santa Ana,suburban,0.89,49417,28572,0.01,A,ND,0,False,115,0.0256246966290284
KVAI,-121.966997,36.974743,Santa Cruz,suburban,0.54,18170,217,0.01,D,ND,0,False,91,0.0193012350949043
KFHZ,-118.142508,33.93296,Los Angeles,urban,0.74,15007,47973,0.01,B,DA-D,142,False,148,0.0260975249745333
KEMK,-119.718886,36.877716,Fresno,urban,0.97,934,581,0.01,C,ND,0,False,32,0.0168903443766853
KIRZ,-122.308464,37.874052,Oakland,urban,0.82,39592,48628,0.01,B,ND,0,False,66,0.00918855840858
KXSO,-121.946326,37.229367,San Jose,urban,0.97,905,797,0.01,C,DA-N,"12,93,179",False,86,0.0211827102526337
KHDF,-118.166938,34.11933,Los Angeles,urban,0.65,504,685,0.01,C,DA-N,"51,87",False,116,0.0254081426402812
KYCZ,-118.389686,33.965614,Los Angeles,urban,1.23,34029,0,0.01,D,ND,0,False,85,0.0291220822282767
KQKA,-118.24741,33.982161,Los Angeles,urban,1.57,45337,152,0.01,D,DA-2,"54,279",False,140,0.0247276594702826
KJQL,-121.127747,37.507101,Modesto,suburban,1.08,562,750,0.01,C,ND,0,False,112,0.0203949740852853
KNAO,-117.469926,33.97293,Riverside,suburban,1.02,881,548,0.01,C,ND,0,False,131,0.0181934911776468
KJZS,-119.899006,36.692304,Fresno,urban,1.4,31314,14161,0.01,A,DA-2,"87,302,357",False,137,0.0179569246443396
KSUD,-118.091792,34.120575,Los Angeles,urban,1.33,7939,46,0.01,D,DA-D,"2,325",False,45,0.0021351516674135
KOQC,-119.687241,36.68106,Fresno,urban,1.0,543,563,0.01,C,ND,0,False,94,0.0096587597470226
KZEZ,-122.115938,37.016846,Santa Cruz,suburban,1.44,3275,242,0.01,D,DA-2,"186,304,322",False,96,0.0274127115428042
KZPN,-119.237545,36.380992,Visalia,rural,0.71,522,621,0.01,C,DA-2,84,False,47,0.0184621872232112
KFJD,-118.382546,34.085257,Los Angeles,urban,0.64,21709,18083,0.01,B,ND,0,False,78,0.019843299271212
KELY,-117.019695,32.76341,San Diego,urban,1.64,573,774,0.01,C,ND,0,True,56,0.0030461833347192
KTZS,-117.476728,34.009126,Fontana,suburban,0.67,836,831,0.01,C,ND,0,False,135,0.0158313958834364
KEVI,-121.536254,38.659379,Sacramento,urban,1.6,44558,17220,0.01,B,DA-2,47,False,117,0.016902694760238
KBQJ,-118.317666,34.007205,Los Angeles,urban,1.01,15045,0,0.01,D,DA-N,132,False,130,0.0278434399484217
KESH,-118.247086,34.13905,Los Angeles,urban,1.39,44665,32865,0.01,A,DA-2,"58,184,350",False,126,0.0122973365950547
KITZ,-117.836946,33.754063,Santa Ana,suburban,0.57,26638,0,0.01,D,DA-N,96,False,48,0.0119852192734126
KTBS,-118.176012,34.180443,Los Angeles,urban,0.75,627,847,0.01,C,ND,0,False,107,0.0131290687136114
KLLJ,-121.72734,36.669231,Salinas,suburban,0.85,28284,133,0.01,D,DA-D,"60,129,178",False,138,0.0036140772059978
KCSY,-118.388075,33.96169,Los Angeles,urban,0.65,880,646,0.01,C,DA-D,"15,325",False,116,0.0157517885047257
KTMN,-121.157774,38.092282,Stockton,suburban,0.83,45986,0,0.01,D,DA-2,"7,277",False,125,0.0110067581540536
KZRX,-122.267261,37.90981,San Francisco,urban,1.68,49831,40924,0.01,B,DA-N,330,False,116,0.0279753754926918
KTXE,-117.201889,32.604168,Chula Vista,suburban,1.53,680,987,0.01,C,DA-N,312,True,77,0.0291221237054748
KIRV,-119.651914,36.841605,Fresno,urban,0.68,648,653,0.01,C,DA-D,171,False,124,0.0193041171543033
KKXY,-118.238634,34.176291,Los Angeles,urban,1.05,7321,31346,0.01,B,ND,0,False,144,0.0189147120535537
KMJQ,-119.067128,35.326963,Bakersfield,urban,0.82,502,679,0.01,C,DA-N,"43,87,210",False,55,0.0034575696017131
KNDD,-118.950093,34.167198,Thousand Oaks,suburban,1.26,48033,17392,0.01,B,DA-D,266,False,76,0.0134219026258111
KEVC,-116.975281,32.623498,Chula Vista,suburban,0.94,15605,10166,0.01,B,ND,0,True,75,0.0226656415506068
KAWS,-117.230196,32.610474,San Diego,urban,0.58,13760,26856,0.01,B,DA-2,238,True,50,0.0203199397531953
KYYZ,-121.000631,37.536071,Modesto,suburban,1.36,32727,0,0.01,D,DA-2,271,False,46,0.0041822507364502
KCAE,-117.20252,34.1083,San Bernardino,suburban,0.87,20499,4410,0.01,B,DA-2,"223,358",False,67,0.0091844777248199
KCLQ,-121.602664,38.643559,Sacramento,urban,0.83,18674,0,0.01,D,DA-2,141,False,55,0.0147428920156312
KUCS,-117.261109,32.745727,San Diego,urban,1.49,43744,42216,0.01,B,ND,0,True,111,0.0053130568985055
KDKH,-122.006565,37.255005,San Jose,urban,1.68,1407,0,0.01,D,DA-2,"127,187,268",False,84,0.0148966618908877
KNQH,-118.315284,33.989834,Los Angeles,urban,1.0,679,864,0.01,C,DA-D,238,False,53,0.0021857847423519
KBTF,-118.110451,34.044648,Los Angeles,urban,0.89,11603,29239,0.01,B,DA-D,311,False,68,0.0042343297884593
KRRU,-117.007329,32.694883,El Cajon,suburban,0.65,914,685,0.01,C,DA-N,"171,217",True,79,0.0035297040248559
KCQP,-117.715477,33.621456,Santa Ana,suburban,1.64,952,835,0.01,C,DA-2,"142,329",False,39,0.0283127220857947
KQHM,-124.151719,40.872637,Eureka,rural,0.85,578,522,0.01,C,DA-N,272,False,144,0.0264351849334038
KWXZ,-117.177649,32.822433,San Diego,urban,1.08,867,560,0.01,C,ND,0,True,146,0.013647647134688
KMNY,-122.385131,37.883018,Oakland,urban,1.03,640,856,0.01,C,ND,0,False,46,0.0094000343331538
KYBZ,-117.060063,32.631968,San Diego,urban,1.13,32692,0,0.01,D,ND,0,True,95,0.0291746141103996
KETJ,-118.276044,34.127706,Los Angeles,urban,1.24,639,605,0.01,C,DA-2,93,False,105,0.0212049306799246
KWUL,-118.235521,34.10835,Los Angeles,urban,0.55,20134,0,0.01,D,DA-N,"35,121",False,60,0.0094634555662693
KQYH,-118.1219,33.953003,Los Angeles,urban,0.68,3626,164,0.01,D,DA-D,"30,137,230",False,77,0.0104122942940454
KYWG,-118.886668,35.274276,Bakersfield,urban,1.22,19576,83,0.01,D,DA-N,"11,217",False,52,0.0084236291436592
KARW,-118.21654,34.170853,Los Angeles,urban,1.52,47606,0,0.01,D,DA-D,"146,192,307",False,64,0.0069136403491217
KQWK,-118.168734,34.037621,Los Angeles,urban,0.68,38436,34159,0.01,A,ND,0,False,91,0.0037170408024107
KEEW,-118.196783,33.686008,Long Beach,urban,0.85,48057,0,0.01,D,ND,0,False,32,0.0099946464056122
KXVR,-119.892838,36.662435,Fresno,urban,1.46,32944,17072,0.01,B,DA-N,258,False,47,0.0220761741233086
KVPJ,-118.137174,33.922664,Los Angeles,urban,0.87,42486,0,0.01,D,DA-D,38,False,150,0.019194146919172
KAZY,-118.038987,34.473005,Palmdale,rural,1.51,27176,47363,0.01,B,DA-D,90,False,144,0.0138854597482717
KEIE,-118.181055,33.932166,Los Angeles,urban,1.48,41372,0,0.01,D,DA-2,"47,168",False,143,0.0252580181586984
KDXA,-118.358728,34.032507,Los Angeles,urban,0.92,43199,0,0.01,D,DA-2,"45,78,276",False,43,0.0287375281581254
KHBI,-121.347564,38.543896,Sacramento,urban,1.18,543,958,0.01,C,ND,0,False,35,0.0185306850774734
KENP,-118.3578,34.100695,Los Angeles,urban,0.73,43980,0,0.01,D,DA-2,"38,238",False,114,0.0117042624581871
KGXU,-118.898807,35.451369,Bakersfield,urban,0.74,1000,576,0.01,C,DA-D,"85,87",False,122,0.0241086714400413
KZVC,-121.213089,37.938093,Stockton,suburban,1.53,9730,0,0.01,D,DA-2,266,False,93,0.0132911300283474
KSKU,-121.885603,37.503491,Fremont,suburban,0.54,43107,0,0.01,D,ND,0,False,83,0.0169308385656473
KOMN,-118.379526,33.979258,Los Angeles,urban,1.16,47103,0,0.01,D,DA-N,"37,142",False,30,0.0068951103301588
KWJM,-118.370869,33.953171,Los Angeles,urban,1.23,27894,24649,0.01,B,DA-N,"84,304",False,149,0.0274756633580567
KGVB,-118.092976,33.954308,Los Angeles,urban,1.6,14376,25737,0.01,B,DA-N,"7,266",False,114,0.0178666051487575
KMPE,-117.513081,33.857864,Riverside,suburban,0.84,16309,0,0.01,D,ND,0,False,136,0.024597626507866
KDET,-117.80316,33.812556,Santa Ana,suburban,1.18,24628,31814,0.01,B,DA-D,224,False,118,0.0013830731683694
KCBQ,-117.932522,33.712755,Irvine,suburban,0.64,10758,0,0.01,D,DA-2,317,False,147,0.0175898888748459
KHFY,-118.047076,33.774932,Anaheim,urban,1.58,693,1000,0.01,C,ND,0,False,46,0.0225509074192051
KKBK,-121.724496,37.425364,San Jose,urban,0.83,809,930,0.01,C,ND,0,False,39,0.0246802062323717
KMIQ,-122.14419,37.062547,Santa Cruz,suburban,0.7,911,690,0.01,C,DA-2,"33,128",False,76,0.018492514845618
KWAH,-119.162779,35.384535,Bakersfield,urban,1.24,39382,2,0.01,D,DA-N,140,False,60,0.0088058723618547
KZOO,-118.341412,33.848539,Long Beach,urban,0.81,661,547,0.01,C,ND,0,False,150,0.0099495409074863
KZTY,-121.354395,37.957758,Stockton,suburban,1.08,700,871,0.01,C,ND,0,False,75,0.0292416715454756
KSCK,-119.150951,35.438557,Bakersfield,urban,1.23,14842,2552,0.01,B,DA-2,"270,354",False,49,0.0207888454677915
KCQY,-117.204308,32.511351,Imperial Beach,suburban,1.42,44910,0,0.01,D,DA-D,"85,224",True,76,0.019080652250518
KYBS,-118.328804,34.101625,Los Angeles,urban,1.4,40252,0,0.01,D,DA-D,303,False,48,0.0232232021185999
KIWU,-121.837882,39.835293,Chico,rural,1.39,30056,0,0.01,D,DA-2,38,False,76,0.0112476858242425
KBSL,-117.007397,32.84709,San Diego,urban,1.1,890,948,0.01,C,DA-2,105,True,102,0.0151595108669116
KJHK,-117.103091,32.748047,San Diego,urban,1.11,33890,25034,0.01,B,DA-N,"51,221",True,94,0.0140526759149282
KWZB,-118.2619,34.708436,Palmdale,rural,0.71,16294,179,0.01,D,DA-N,39,False,50,0.0175338780625099
KWFW,-118.292977,34.097916,Los Angeles,urban,1.35,30952,0,0.01,D,DA-2,"32,98",False,147,0.0288268962036984
KKLK,-118.295102,33.93449,Los Angeles,urban,0.83,809,748,0.01,C,DA-2,303,False,88,0.0021101878271054
KEMQ,-117.978728,33.636002,Irvine,suburban,0.54,39642,0,0.01,D,DA-N,"121,235,270",False,141,0.0016653393553696
KTKG,-117.276184,32.628161,San Diego,urban,0.68,640,707,0.01,C,DA-2,327,True,97,0.0072090421946323
KXEB,-121.021292,37.745845,Modesto,suburban,0.68,49610,0,0.01,D,DA-2,270,False,98,0.0209760843048383
KESJ,-119.809993,36.798936,Fresno,urban,0.63,505,787,0.01,C,DA-N,"85,122",False,135,0.0282301027051831
KTTI,-117.927752,33.742142,Anaheim,urban,0.89,9915,127,0.01,D,DA-N,263,False,122,0.0011066298459389
KLVD,-121.876651,37.355105,Sunnyvale,suburban,0.81,549,518,0.01,C,DA-D,133,False,99,0.0234571474702427
KPFF,-118.185104,33.968729,Los Angeles,urban,1.46,989,507,0.01,C,ND,0,False,77,0.0245996011313053
KAXN,-122.351247,37.874294,San Francisco,urban,1.27,832,733,0.01,C,ND,0,False,82,0.0129012175142775
KJON,-118.319401,33.841744,Long Beach,urban,0.85,21522,40069,0.01,A,ND,0,False,52,0.0170298535917093
KELH,-118.184891,34.095337,Los Angeles,urban,1.57,41806,72,0.01,D,DA-D,"4,32,32",False,43,0.0153957429434982
KTYC,-118.217201,34.037093,Los Angeles,urban,0.66,516,841,0.01,C,DA-N,261,False,129,0.0141842665150467
KJFM,-118.091161,33.950697,Los Angeles,urban,1.29,30655,105,0.01,D,ND,0,False,112,0.0214112137463273
KTAJ,-118.314289,33.977588,Los Angeles,urban,1.06,950,837,0.01,C,DA-N,276,False,30,0.0271054303449594
KKAD,-118.913725,35.339356,Bakersfield,urban,1.47,48828,0,0.01,D,DA-2,262,False,80,0.0065871516978127
KQVU,-119.89778,36.767842,Fresno,urban,1.48,825,699,0.01,C,DA-N,"87,88,226",False,42,0.0215907209980039
KDDP,-117.076883,32.686514,San Diego,urban,1.68,969,633,0.01,C,ND,0,True,137,0.0170342597485523
KYFC,-118.201654,34.035287,Los Angeles,urban,0.67,39131,0,0.01,D,DA-2,"48,255",False,88,0.0193994313799854
KUEQ,-117.967216,33.670299,Santa Ana,suburban,0.82,930,625,0.01,C,ND,0,False,122,0.0236208396286206
KUUR,-118.101808,33.99138,Los Angeles,urban,0.71,821,511,0.01,C,DA-N,"33,329",False,45,0.0041052229487391
KHXC,-117.912751,33.743945,Santa Ana,suburban,0.89,13879,0,0.01,D,ND,0,False,131,0.0016367520838872
KBYB,-122.436095,40.637131,Redding,rural,1.65,20801,162,0.01,D,DA-N,"13,84",False,114,0.0174515216447799
KPAZ,-122.276704,37.937843,Oakland,urban,1.1,814,807,0.01,C,ND,0,False,99,0.0011454220905397
KNGD,-117.14955,32.744379,San Diego,urban,1.63,34197,131,0.01,D,ND,0,True,57,0.0261393534807997
KCFI,-118.169409,33.97646,Los Angeles,urban,0.6,18295,27536,0.01,A,ND,0,False,55,0.0286436514680618
KJOH,-118.24507,34.118469,Los Angeles,urban,1.23,33847,0,0.01,D,DA-N,81,False,138,0.0267321318447924
KHKP,-122.483825,37.846913,San Francisco,urban,0.65,18489,48320,0.01,B,DA-N,313,False,125,0.0088785437916284
KICJ,-122.469693,37.693743,San Francisco,urban,1.62,46464,5211,0.01,B,DA-D,15,False,62,0.0180192080429527
KHVQ,-121.936524,37.463915,San Jose,urban,1.29,2212,0,0.01,D,DA-N,86,False,39,0.0072403407696759
KJDI,-118.182278,33.919668,Los Angeles,urban,0.81,867,668,0.01,C,DA-N,238,False,101,0.0029208191423277
KHFF,-119.699655,36.763275,Fresno,urban,1.69,44247,0,0.01,D,DA-N,"216,265",False,36,0.0242790305713124
KMZK,-118.350976,33.950603,Los Angeles,urban,0.65,26422,39742,0.01,B,DA-N,354,False,112,0.0237158634575232
KOAM,-118.09141,33.952486,Los Angeles,urban,0.65,518,958,0.01,C,DA-2,"347,355",False,42,0.0250656563138431
KKHI,-118.330329,33.728431,Long Beach,urban,1.08,896,660,0.01,C,DA-N,357,False,119,0.0295350383086716
KMQX,-122.269736,37.867623,San Francisco,urban,0.83,552,514,0.01,C,DA-2,349,False,71,0.0259802743415561
KSFC,-121.780145,37.39877,San Jose,urban,1.16,35479,1,0.01,D,DA-2,"15,193,348",False,39,0.0086480867978225
KRUJ,-118.105109,34.105893,Los Angeles,urban,1.4,43237,31192,0.01,B,ND,0,False,45,0.0046623725016463
KWTX,-118.271984,34.178102,Los Angeles,urban,0.68,34280,44793,0.01,B,DA-N,138,False,114,0.0152130113789002
KHUM,-118.156863,33.941876,Los Angeles,urban,1.23,864,542,0.01,C,DA-2,141,False,124,0.0258200407994601
KSBM,-118.188082,33.974491,Los Angeles,urban,1.68,30930,0,0.01,D,ND,0,False,92,0.0040315068205673
KFPN,-118.158727,34.149081,Los Angeles,urban,1.18,20685,0,0.01,D,DA-N,59,False,58,0.0275842200781827
KKLQ,-122.114874,37.588535,Hayward,suburban,1.63,4748,0,0.01,D,DA-2,"34,328",False,125,0.004195776149454
KALG,-117.151179,32.709278,San Diego,urban,0.61,28065,18404,0.01,B,DA-N,41,True,57,0.0053679813408174
KNNB,-121.134169,37.577638,Modesto,suburban,0.64,42758,97,0.01,D,DA-D,171,False,52,0.0182274257913369
KNML,-121.836553,37.387162,San Jose,urban,0.62,7529,0,0.01,D,DA-D,"38,47,172",False,142,0.0189864014855463
KSKC,-117.991916,34.642623,Palmdale,rural,1.4,17831,0,0.01,D,DA-D,"187,230",False,66,0.0222825858525194
KCNS,-117.889731,33.678318,Irvine,suburban,1.05,45334,0,0.01,D,ND,0,False,117,0.0030141843842917
KEXD,-118.845897,34.038907,Thousand Oaks,suburban,1.18,671,510,0.01,C,DA-2,193,False,51,0.0206968853253689
KWPZ,-117.164856,32.738175,San Diego,urban,1.31,16470,0,0.01,D,DA-D,"136,191",True,51,0.02289478188195
KUCU,-118.246746,34.007788,Los Angeles,urban,0.57,23238,0,0.01,D,ND,0,False,92,0.0083525685188501
KLVH,-117.155372,32.670765,San Diego,urban,1.28,43761,219,0.01,D,DA-2,"186,303",True,123,0.0195542089983902
KDKF,-118.24013,33.903637,Long Beach,urban,0.94,2275,0,0.01,D,DA-D,"143,266",False,54,0.0276987704164506
KJCH,-117.146672,32.749995,San Diego,urban,0.8,967,730,0.01,C,DA-N,"83,222,238",True,83,0.0284127285020378
KHEP,-117.71796,33.73915,Irvine,suburban,0.94,8308,110,0.01,D,DA-N,"30,219",False,148,0.0208802742977947
KMDZ,-118.190098,34.085658,Los Angeles,urban,0.65,655,749,0.01,C,ND,0,False,66,0.0028738782792819
KHLF,-121.624592,38.669565,Sacramento,urban,1.4,750,656,0.01,C,DA-2,231,False,36,0.0082915704249877
KJHW,-117.074726,32.760383,San Diego,urban,1.5,15160,6636,0.01,B,ND,0,True,121,0.0088493979583433
KZFP,-117.174435,32.526781,Chula Vista,suburban,0.55,31260,0,0.01,D,ND,0,True,133,0.0206765080353192
KKKX,-118.10663,34.158425,Los Angeles,urban,1.26,39377,0,0.01,D,ND,0,False,85,0.0206887731209549
KIPR,-117.553896,34.010986,Fontana,suburban,0.63,36575,0,0.01,D,ND,0,False,40,0.0096226902412868
KYLE,-118.134796,34.128526,Los Angeles,urban,1.18,6544,0,0.01,D,DA-D,"223,224",False,83,0.0288819607265107
KLXA,-122.026207,37.4103,San Jose,urban,1.23,9463,157,0.01,D,DA-2,"166,214",False,46,0.01268532165462
KAUW,-120.998409,37.483949,Turlock,rural,1.66,3834,69,0.01,D,DA-D,"56,229",False,102,0.0149625691102981
KIBT,-118.165618,34.099339,Los Angeles,urban,1.4,3724,0,0.01,D,DA-N,304,False,144,0.0205947420787094
KWHI,-122.054074,37.470405,San Jose,urban,0.83,32032,0,0.01,D,ND,0,False,44,0.0029471197947936
KDWN,-119.906301,36.678477,Fresno,urban,1.32,11615,43148,0.01,A,ND,0,False,37,0.0278552888373474
KHME,-122.300501,37.703259,San Francisco,urban,1.57,22057,41157,0.01,B,ND,0,False,117,0.0137347656705983
KRDD,-118.360584,33.922918,Los Angeles,urban,0.55,49048,0,0.01,D,DA-N,"135,309",False,115,0.0039005708829585
KPJH,-118.096209,33.739241,Long Beach,urban,1.24,30656,106,0.01,D,DA-D,179,False,102,0.0122934525409308
KPAQ,-117.178935,32.758184,San Diego,urban,1.48,23497,0,0.01,D,ND,0,True,142,0.0219688927702021
KHZJ,-121.836373,39.824673,Chico,rural,0.71,32861,44410,0.01,A,ND,0,False,38,0.0060604094939057
KDRO,-121.909464,36.963149,Santa Cruz,suburban,1.48,19177,28241,0.01,A,DA-2,"257,312",False,107,0.0201101824956451
KOYU,-121.622523,38.588474,Sacramento,urban,0.73,21488,150,0.01,D,ND,0,False,74,0.0179503035091368
KVBA,-121.58716,38.64454,Sacramento,urban,1.31,43848,0,0.01,D,DA-N,"144,234",False,43,0.0270940349738441
KEXT,-119.163093,35.351694,Bakersfield,urban,1.68,40351,0,0.01,D,DA-N,"44,229",False,137,0.0018543241529388
KECL,-118.973159,35.274169,Bakersfield,urban,0.67,784,602,0.01,C,DA-2,314,False,66,0.0075393996449901
KTLN,-118.378743,34.13058,Los Angeles,urban,0.86,512,822,0.01,C,DA-2,"10,36,103",False,76,0.0234571844699441
KOWI,-121.880634,37.418087,Sunnyvale,suburban,1.62,872,828,0.01,C,DA-N,"138,146",False,94,0.0112110755170737
KQOD,-117.184385,32.598715,San Diego,urban,1.29,29649,5644,0.01,B,DA-N,"100,168",True,93,0.0076866316608554
KPIF,-117.025453,32.834786,San Diego,urban,0.59,628,699,0.01,C,ND,0,True,120,0.0113792506454186
KWEH,-121.981759,36.609504,Monterey,suburban,0.89,34181,0,0.01,D,DA-N,2,False,144,0.0042153596572607
KMXG,-121.550394,38.454567,Sacramento,urban,0.87,633,602,0.01,C,DA-2,349,False,100,0.0246861089712553
KITX,-117.3983,33.83501,Riverside,suburban,1.08,41952,40977,0.01,B,DA-2,"60,356",False,106,0.0224393923860829
KYXM,-117.362114,33.992055,Fontana,suburban,1.08,7069,0,0.01,D,DA-N,223,False,68,0.0236647133055714
KWFY,-122.174798,37.676388,Oakland,urban,0.68,600,773,0.01,C,DA-2,"2,276",False,36,0.0122266189098713
KJDS,-121.785045,36.691091,Salinas,suburban,0.89,17732,34098,0.01,A,ND,0,False,73,0.0136592200742959
KBGP,-118.162972,33.97845,Los Angeles,urban,1.6,954,913,0.01,C,DA-2,"10,12",False,134,0.0026496260257194
KBLH,-120.026058,36.911164,Madera,rural,1.24,21006,20163,0.01,B,DA-N,270,False,45,0.0200411182211884
KBYF,-121.779757,37.393674,San Jose,urban,0.89,14686,113,0.01,D,DA-2,"136,175,192",False,99,0.0155999166743976
KBXS,-119.249059,34.230438,Oxnard,suburban,1.23,604,966,0.01,C,DA-D,129,False,56,0.0045596934467502
KSUA,-117.180285,32.644107,San Diego,urban,1.55,34737,8486,0.01,B,DA-2,353,True,105,0.0121411231064198
KVCH,-120.998485,37.668762,Modesto,suburban,0.59,25323,0,0.01,D,DA-2,260,False,85,0.0164422661924029
KRAT,-121.352629,38.699769,Sacramento,urban,0.8,49695,0,0.01,D,DA-2,"144,190",False,73,0.0220478021878595
KQWU,-122.627007,38.556229,Santa Rosa,suburban,1.39,12157,37260,0.01,B,DA-N,192,False,89,0.0132912156105449
KSTG,-118.254356,34.176607,Los Angeles,urban,0.83,15862,33,0.01,D,DA-N,167,False,128,0.0167413321329573
KIKQ,-118.191758,34.01482,Los Angeles,urban,1.06,43047,207,0.01,D,DA-N,183,False,71,0.0252439940919802
KWLA,-117.309828,32.582962,San Diego,urban,1.49,28509,32470,0.01,B,DA-N,"3,133",True,65,0.0270142842136288
KOYL,-119.675885,36.681396,Fresno,urban,0.71,17259,0,0.01,D,DA-N,79,False,113,0.0024378105532191
KCBR,-122.686533,38.537851,Santa Rosa,suburban,1.56,521,783,0.01,C,DA-N,"15,173",False,116,0.0255029961307884
KWOB,-122.214248,37.597096,Hayward,suburban,1.66,759,727,0.01,C,ND,0,False,44,0.0158200300056193
KGIJ,-118.271111,34.139414,Los Angeles,urban,0.76,42316,109,0.01,D,DA-N,229,False,72,0.0292778660419284
KXJY,-118.02009,33.689841,Santa Ana,suburban,0.96,29137,3923,0.01,B,ND,0,False,67,0.0279789469193803
KXAP,-118.240178,34.135452,Los Angeles,urban,1.06,899,879,0.01,C,DA-N,"132,240",False,34,0.0200547206331903
KDTQ,-121.730398,37.461221,San Jose,urban,1.64,614,789,0.01,C,DA-2,"57,272",False,132,0.0024915136144009
KMNL,-117.053164,32.653317,San Diego,urban,0.85,650,966,0.01,C,DA-N,145,True,59,0.0142188140387063
KTDG,-121.757048,37.401118,San Jose,urban,1.48,23966,0,0.01,D,DA-2,"230,319",False,87,0.0238028201099236
KFVZ,-115.645102,32.907059,El Centro,rural,0.58,31713,45178,0.01,B,DA-2,"94,190",True,73,0.0101014858292114
KCKZ,-119.727865,36.767344,Fresno,urban,0.82,895,601,0.01,C,DA-N,"78,263,300",False,121,0.0279736297996785
KTDA,-120.418428,37.283665,Merced,rural,1.08,537,567,0.01,C,DA-D,"266,283",False,81,0.0212109322708195
KGHI,-119.072847,35.461061,Bakersfield,urban,1.59,44895,41411,0.01,B,ND,0,False,43,0.0298298890064895
KBTJ,-118.273426,34.038388,Los Angeles,urban,0.83,34475,49542,0.01,B,ND,0,False,136,0.0136350141867208
KTST,-118.214486,34.112661,Los Angeles,urban,0.82,33632,0,0.01,D,ND,0,False,30,0.0182130453154325
KJQJ,-117.158316,32.699102,San Diego,urban,0.89,38790,71,0.01,D,DA-N,180,True,36,0.0173598088101495
KXPV,-117.971957,33.816786,Anaheim,urban,1.52,25878,12692,0.01,B,ND,0,False,48,0.0022160984471859
KYWT,-118.316034,34.033426,Los Angeles,urban,0.81,45335,21602,0.01,B,ND,0,False,42,0.0110730228368858
KEHM,-118.351569,33.977506,Los Angeles,urban,1.61,22001,40725,0.01,B,ND,0,False,126,0.0040774641469937
KGHC,-122.416426,37.788998,San Francisco,urban,0.57,16065,2792,0.01,B,DA-D,"15,120",False,136,0.0248495480399395
KJHY,-119.79121,36.726936,Fresno,urban,0.67,8519,0,0.01,D,ND,0,False,147,0.0041788314265852
KSVL,-117.367143,34.089993,San Bernardino,suburban,0.67,9216,71,0.01,D,ND,0,False,44,0.0290847476516508
KUTF,-122.198008,37.55376,Hayward,suburban,1.31,22226,0,0.01,D,ND,0,False,124,0.0158724792785224
KUSI,-117.182501,32.830492,San Diego,urban,1.47,46459,0,0.01,D,DA-N,15,True,110,0.0012311470592878
KDJY,-118.320265,34.099051,Los Angeles,urban,1.09,14924,32752,0.01,B,DA-D,"81,309",False,142,0.0035726395441155
KNSF,-122.422583,37.757148,San Francisco,urban,1.19,40306,53,0.01,D,DA-D,184,False,110,0.0179330697194245
KQMR,-122.487752,37.688431,San Francisco,urban,1.18,15447,0,0.01,D,ND,0,False,92,0.0152164372958663
KQPO,-118.335386,33.996907,Los Angeles,urban,0.68,49727,0,0.01,D,DA-2,"89,217,258",False,114,0.0042925525090081
KSSU,-119.669819,36.742405,Fresno,urban,0.54,750,807,0.01,C,ND,0,False,82,0.0209294360042433
KAGF,-122.450514,37.869762,San Francisco,urban,1.57,787,895,0.01,C,ND,0,False,71,0.0085865523336431
KIKL,-117.028635,32.688316,San Diego,urban,1.46,637,748,0.01,C,ND,0,True,123,0.0073494976673677
KQBL,-117.040439,32.640378,San Diego,urban,1.48,40128,14513,0.01,B,DA-D,"60,214",True,99,0.0015776775818919
KSUC,-118.109229,34.107533,Los Angeles,urban,1.0,36484,0,0.01,D,DA-N,"125,227",False,80,0.025931962235397
KFUX,-117.48886,33.90776,Riverside,suburban,1.39,48309,63,0.01,D,DA-N,9,False,43,0.0155434802959873
KUBH,-118.200786,33.923617,Los Angeles,urban,1.33,852,626,0.01,C,DA-N,56,False,113,0.0126217771455988
KVWW,-117.825035,33.570148,Irvine,suburban,1.62,860,890,0.01,C,ND,0,False,123,0.0130460206835305
KAVP,-117.085331,32.621605,San Diego,urban,1.4,905,700,0.01,C,DA-N,190,True,84,0.0158583133038954
KAHF,-118.142964,33.706389,Long Beach,urban,1.39,741,692,0.01,C,DA-2,37,False,101,0.0090781791062439
KHSN,-122.102508,37.772618,Oakland,urban,1.05,30797,25427,0.01,B,ND,0,False,127,0.0168508610406725
KCFZ,-118.331085,34.024456,Los Angeles,urban,1.24,29236,32247,0.01,B,ND,0,False,102,0.0041595050963888
KIDQ,-118.223839,33.939669,Los Angeles,urban,1.29,606,942,0.01,C,ND,0,False,150,0.0152045324013298
KGDQ,-119.217276,36.323042,Visalia,rural,1.02,42135,16232,0.01,B,DA-N,308,False,69,0.022474822750674
KVAR,-121.760039,37.364884,San Jose,urban,1.69,17823,0,0.01,D,ND,0,False,101,0.0240461779324194
KOIQ,-121.815299,37.290048,San Jose,urban,1.18,33963,142,0.01,D,DA-2,"42,43,59",False,126,0.0013951110892049
KNDF,-121.128758,37.739032,Modesto,suburban,1.24,953,717,0.01,C,ND,0,False,93,0.0059509405207543
KUMT,-117.947031,33.849326,Anaheim,urban,0.92,19697,0,0.01,D,DA-N,181,False,108,0.0267968077046969
KOEH,-118.095247,33.820106,Long Beach,urban,1.29,987,865,0.01,C,DA-N,180,False,56,0.0281498724637563
KYSW,-118.235748,33.953643,Los Angeles,urban,1.31,924,742,0.01,C,DA-D,260,False,90,0.0029443923816531
KZIE,-119.759873,36.799245,Fresno,urban,1.13,26694,7207,0.01,B,ND,0,False,37,0.019124210160912
KPBQ,-122.324235,37.908006,Oakland,urban,1.4,507,975,0.01,C,DA-N,191,False,104,0.0221503702988234
KJTY,-118.19751,34.068717,Los Angeles,urban,0.58,603,539,0.01,C,DA-N,"53,128",False,63,0.017346133202071
KDNQ,-118.219021,34.020564,Los Angeles,urban,1.55,936,803,0.01,C,ND,0,False,107,0.009039887629696
KUWR,-118.351968,34.045013,Los Angeles,urban,1.38,15443,0,0.01,D,DA-D,"79,90",False,71,0.003255835421254
KZDU,-121.006563,37.618939,Modesto,suburban,0.81,654,756,0.01,C,DA-N,"137,267",False,120,0.0147598620451596
KINN,-116.974371,32.743691,Chula Vista,suburban,1.33,989,585,0.01,C,DA-N,"101,187,272",True,92,0.0211578928819297
KGDX,-121.995754,37.379306,San Jose,urban,1.58,943,687,0.01,C,DA-2,"132,233,261",False,52,0.0280625809034796
KZFJ,-117.406872,34.009737,Fontana,suburban,0.84,21775,24,0.01,D,ND,0,False,147,0.0083590494735613
KXPA,-121.298089,37.896876,Stockton,suburban,0.82,3128,178,0.01,D,ND,0,False,65,0.0191328419421582
KZVW,-118.0815,34.167761,Los Angeles,urban,0.72,41684,0,0.01,D,DA-N,31,False,33,0.0187746942708916
KSSE,-119.313419,34.292349,Oxnard,suburban,0.71,12826,4673,0.01,B,DA-N,355,False,139,0.0167784210819517
KAVW,-118.175422,34.0026,Los Angeles,urban,1.32,43459,48325,0.01,B,ND,0,False,150,0.0116214404923757
KARK,-121.146568,37.68443,Modesto,suburban,0.63,12894,211,0.01,D,DA-N,167,False,86,0.0022907444535958
KPRK,-117.0512,32.752267,San Diego,urban,1.67,461,0,0.01,D,DA-D,224,True,137,0.0211924733631071
KOMD,-120.918553,37.528441,Modesto,suburban,0.78,595,662,0.01,C,DA-D,"9,100",False,57,0.0195004229088228
KLWY,-122.357548,37.722949,San Francisco,urban,1.03,982,961,0.01,C,DA-N,"84,170,357",False,47,0.017386158765485
KKVH,-119.610942,36.665509,Fresno,urban,0.85,21997,46715,0.01,B,DA-2,45,False,104,0.0115447827511796
KUNV,-121.998317,37.388751,San Jose,urban,1.35,986,927,0.01,C,DA-2,"92,142",False,74,0.0197342315205659
KRHI,-119.001593,35.499919,Bakersfield,urban,1.64,22625,6947,0.01,B,DA-2,"128,134",False,34,0.0277356619189951
KNQM,-119.077371,35.364448,Bakersfield,urban,0.67,788,693,0.01,C,ND,0,False,114,0.0180633326704574
KASQ,-117.450433,34.208119,San Bernardino,suburban,0.82,27867,0,0.01,D,DA-N,"35,219",False,89,0.0168565650910039
KTLQ,-119.226849,36.35549,Visalia,rural,0.81,48153,0,0.01,D,ND,0,False,61,0.0083246683178678
KJIR,-117.009876,32.661693,San Diego,urban,1.25,20355,34224,0.01,B,DA-N,279,True,103,0.0126217536941111
KANX,-118.091938,34.156685,Los Angeles,urban,1.48,982,768,0.01,C,DA-N,79,False,72,0.0238685131880453
KBCU,-122.133347,37.571898,Hayward,suburban,1.56,702,584,0.01,C,DA-2,81,False,68,0.0099182758355951
KEWL,-118.356522,34.112777,Los Angeles,urban,1.21,36645,216,0.01,D,ND,0,False,30,0.0148429785938603
KIMR,-121.745964,37.391924,San Jose,urban,1.3,44056,96,0.01,D,ND,0,False,120,0.0080395182231711
KXKI,-118.276359,34.169838,Los Angeles,urban,1.5,21687,0,0.01,D,DA-N,"272,274",False,74,0.0151609705345811
KTPF,-118.929921,35.40263,Bakersfield,urban,1.32,24441,0,0.01,D,DA-N,"50,284",False,47,0.0154985409412618
KBHC,-118.348126,34.020867,Los Angeles,urban,1.68,577,645,0.01,C,ND,0,False,69,0.0122176499559202
KVAY,-118.947508,34.149448,Thousand Oaks,suburban,1.6,849,764,0.01,C,DA-D,"41,325",False,123,0.0039407477976395
KWUA,-122.393864,37.725988,San Francisco,urban,1.11,25415,0,0.01,D,ND,0,False,92,0.0199606998476215
KRKB,-118.114998,33.749825,Long Beach,urban,1.49,559,809,0.01,C,DA-N,"234,316",False,121,0.0107168417459792
KNJU,-118.233355,34.182128,Los Angeles,urban,1.11,25381,0,0.01,D,DA-2,240,False,105,0.0084772600064484
KNPW,-118.205156,33.752502,Long Beach,urban,0.71,2861,31,0.01,D,DA-2,13,False,117,0.0117095961370876
KLRT,-117.943356,33.616724,Santa Ana,suburban,0.89,24217,24388,0.01,B,DA-N,310,False,111,0.0020328372067033
KCTN,-122.382292,37.77635,Oakland,urban,1.2,773,548,0.01,C,DA-N,95,False,85,0.0268887836632593
KILQ,-117.98402,34.692582,Palmdale,rural,0.84,48267,0,0.01,D,DA-N,40,False,34,0.0052557629694882
KZQW,-118.087034,34.020285,Los Angeles,urban,0.57,5411,86,0.01,D,DA-2,"267,350",False,122,0.0199339675794382
KWVL,-118.344288,33.948531,Los Angeles,urban,0.84,17353,0,0.01,D,DA-2,"142,356",False,90,0.0072410687212709
KYHR,-119.772073,36.661858,Fresno,urban,1.68,523,809,0.01,C,DA-D,96,False,64,0.0011464804396651
KFUR,-118.255952,33.991327,Los Angeles,urban,0.64,904,999,0.01,C,DA-2,"37,120",False,71,0.0074106736916896
KPSP,-118.269547,34.041563,Los Angeles,urban,0.71,804,668,0.01,C,DA-D,"329,355",False,70,0.0110446231279986
KLMT,-121.426039,38.503394,Sacramento,urban,0.73,44354,0,0.01,D,DA-D,50,False,101,0.0295634687916463
KHTL,-117.271635,32.706884,San Diego,urban,0.62,38584,0,0.01,D,DA-N,"9,279",True,101,0.0225775085481401
KZJN,-118.097293,34.019343,Los Angeles,urban,0.96,563,549,0.01,C,ND,0,False,80,0.0073308560410726
KZOE,-118.15317,33.96007,Los Angeles,urban,1.07,876,705,0.01,C,DA-D,"133,234",False,65,0.0102627014319933
KJCX,-118.695895,34.393789,Simi Valley,suburban,1.29,662,757,0.01,C,DA-N,"262,270",False,66,0.0249580146507319
KLYE,-119.007873,35.316113,Bakersfield,urban,1.52,31892,40410,0.01,A,ND,0,False,117,0.0273111456770551
KJQZ,-117.869913,33.812355,Anaheim,urban,1.43,45558,15692,0.01,B,DA-2,49,False,123,0.0128544828177927
KAPE,-118.18356,34.086118,Los Angeles,urban,1.18,987,689,0.01,C,ND,0,False,32,0.0225459958720127
KWRO,-119.229962,36.305927,Tulare,rural,0.54,582,734,0.01,C,DA-N,125,False,149,0.0216709831559671
KFDB,-118.218386,33.925413,Los Angeles,urban,0.92,30343,0,0.01,D,ND,0,False,86,0.0297016865090625
KUZN,-119.257208,36.225107,Visalia,rural,1.63,26709,11437,0.01,B,ND,0,False,61,0.0144041547472725
KZAA,-118.123962,34.100003,Los Angeles,urban,1.6,740,941,0.01,C,DA-N,285,False,143,0.0217633207483805
KDUQ,-118.399065,34.061435,Los Angeles,urban,1.49,31760,211,0.01,D,DA-N,281,False,76,0.0125834537132241
KYQL,-119.906296,36.824482,Fresno,urban,1.56,933,634,0.01,C,DA-D,"53,86",False,114,0.010855204098795
KXUF,-121.445293,38.472715,Sacramento,urban,0.82,9854,31031,0.01,B,ND,0,False,145,0.0215634036008695
KRIL,-121.731222,36.612273,Salinas,suburban,0.88,2592,0,0.01,D,DA-D,"228,352",False,121,0.0094453306413681
KYEQ,-117.180418,32.70902,San Diego,urban,0.57,19575,39,0.01,D,DA-D,"94,192",True,62,0.0194661075741769
KAFH,-118.322178,34.074966,Los Angeles,urban,1.39,38331,49854,0.01,B,DA-N,"86,93,270",False,70,0.0161767851550617
KJYQ,-117.92014,33.936811,Anaheim,urban,1.05,41719,34895,0.01,A,ND,0,False,38,0.0109286428579682
KIFH,-118.149337,34.127339,Los Angeles,urban,1.61,47598,13906,0.01,B,DA-N,318,False,146,0.0013538228076646
KTVU,-118.164961,34.159804,Los Angeles,urban,0.7,28826,44531,0.01,B,DA-N,60,False,94,0.0029487340887839
KONT,-118.090241,34.152907,Los Angeles,urban,1.22,3918,0,0.01,D,ND,0,False,61,0.0080960751207626
KUEY,-118.332317,34.148828,Los Angeles,urban,0.65,34888,12628,0.01,B,DA-N,182,False,41,0.0225502030365944
KTXX,-122.782159,38.341089,Santa Rosa,suburban,1.38,13863,0,0.01,D,DA-D,"47,314",False,70,0.0239104676796739
KBML,-118.044492,33.830123,Anaheim,urban,1.29,43625,15089,0.01,B,ND,0,False,106,0.0151296893782829
KOPW,-119.16243,36.225206,Visalia,rural,1.08,22766,48596,0.01,A,ND,0,False,108,0.0229107484238697
KZGK,-118.200925,33.990239,Los Angeles,urban,0.67,31537,43245,0.01,A,ND,0,False,66,0.0285916352250658
KHWG,-118.223715,33.991467,Los Angeles,urban,0.81,658,820,0.01,C,DA-D,90,False,70,0.0269076488260647
KNME,-119.234069,36.400589,Visalia,rural,0.97,6447,236,0.01,D,DA-D,81,False,127,0.00772228121149
KHHT,-118.183435,34.044599,Los Angeles,urban,1.02,974,812,0.01,C,DA-N,85,False,54,0.0232255240864378
KUWP,-117.014392,32.623033,San Diego,urban,1.29,31299,0,0.01,D,DA-D,172,True,90,0.0280955693634665
KVJH,-121.380572,38.642873,Sacramento,urban,0.57,661,730,0.01,C,ND,0,False,69,0.0133336394677706
KKKT,-115.348408,32.652976,Calexico,rural,1.49,23424,165,0.01,D,ND,0,True,88,0.0232444093819857
KASF,-121.724652,36.73626,Salinas,suburban,0.98,691,512,0.01,C,DA-2,265,False,101,0.0224314918129452
KUQL,-117.428716,34.047209,San Bernardino,suburban,0.57,582,666,0.01,C,ND,0,False,122,0.0149107982538888
KSMZ,-117.10989,32.592997,San Diego,urban,1.37,852,991,0.01,C,DA-N,"184,256,307",True,37,0.0195492313201581
KHJY,-118.362998,33.947073,Los Angeles,urban,1.35,9848,22269,0.01,B,DA-2,"93,102,281",False,103,0.0067998349166904
KCGO,-120.92811,37.565724,Turlock,rural,0.79,771,918,0.01,C,ND,0,False,67,0.0209975337433345
KDUW,-117.084308,32.769552,San Diego,urban,1.33,33673,39218,0.01,A,DA-2,224,True,88,0.011503910032342
KFZG,-118.102557,34.080205,Los Angeles,urban,0.89,571,561,0.01,C,ND,0,False,112,0.0129125895603939
KKMB,-121.351617,38.589275,Sacramento,urban,0.68,33821,0,0.01,D,DA-2,15,False,141,0.024150069098808
KUMO,-118.167226,34.088517,Los Angeles,urban,0.81,47047,16038,0.01,A,ND,0,False,129,0.004257712851622
KENW,-119.302686,36.35018,Visalia,rural,0.86,42859,48,0.01,D,DA-N,"179,281",False,143,0.0265356770220111
KTQB,-122.325996,37.844357,Oakland,urban,0.75,34834,0,0.01,D,ND,0,False,134,0.0285066070447826
KXKH,-118.817492,34.30283,Simi Valley,suburban,1.49,504,615,0.01,C,DA-D,83,False,104,0.0205616110657571
KILR,-119.747492,36.819753,Fresno,urban,1.53,33242,47804,0.01,A,ND,0,False,128,0.005300230301754
KICN,-118.393933,34.172334,Los Angeles,urban,0.93,8594,0,0.01,D,ND,0,False,38,0.0104963703918913
KIFF,-122.2971,37.751138,Oakland,urban,1.35,22765,16268,0.01,B,DA-D,"103,144,210",False,45,0.0251905600465267
KJLT,-117.199514,32.780541,San Diego,urban,1.27,728,724,0.01,C,DA-N,144,True,105,0.0246204830751927
KCEX,-117.28262,32.776381,San Diego,urban,1.02,887,607,0.01,C,DA-N,323,True,75,0.0227407951195938
KIEZ,-117.959899,33.917625,Anaheim,urban,1.45,16980,0,0.01,D,DA-N,357,False,81,0.0288854939480669
KCJI,-118.098232,33.934715,Los Angeles,urban,1.18,29706,25031,0.01,A,ND,0,False,40,0.0198625466649523
KVWA,-122.192651,37.929869,Oakland,urban,1.34,26185,3973,0.01,B,DA-N,125,False,31,0.0047105007845166
KEST,-122.167766,37.6858,Oakland,urban,1.4,943,878,0.01,C,DA-N,"229,281",False,83,0.0060001796786821
KYZT,-118.347559,34.13607,Los Angeles,urban,1.3,12169,11641,0.01,B,DA-N,129,False,110,0.0118223395225438
KVQA,-119.931636,36.618646,Fresno,urban,1.55,31084,8,0.01,D,DA-D,256,False,78,0.0231125665482634
KSEC,-118.334157,34.011299,Los Angeles,urban,1.54,27767,0,0.01,D,DA-N,282,False,86,0.004897756478567
KPQI,-117.736749,33.737253,Santa Ana,suburban,0.83,565,665,0.01,C,DA-N,"45,240",False,125,0.0251015912645093
KODN,-117.275909,32.798253,San Diego,urban,1.01,48201,6386,0.01,B,DA-2,"37,264",True,62,0.0063541759265279
KRIZ,-118.237203,34.097702,Los Angeles,urban,1.68,38075,0,0.01,D,DA-D,"93,223,231",False,125,0.0272744213804108
KKBF,-118.36017,33.966301,Los Angeles,urban,1.29,517,927,0.01,C,DA-2,"87,210",False,91,0.0150315009495074
KIQV,-121.307218,37.978565,Stockton,suburban,0.67,14329,0,0.01,D,DA-N,"53,185",False,148,0.0107831598950951
KZEI,-117.307573,34.053833,Riverside,suburban,1.0,30155,0,0.01,D,ND,0,False,139,0.0109288756782919
KNBJ,-122.260486,37.813357,San Francisco,urban,1.6,13272,7198,0.01,B,DA-2,326,False,45,0.0169634783168745
KHWH,-116.806787,32.777547,El Cajon,suburban,0.73,15437,43077,0.01,A,ND,0,True,134,0.0282962418771021
KZFV,-118.024783,33.670326,Santa Ana,suburban,1.47,48314,0,0.01,D,ND,0,False,106,0.0236181931004029
KONB,-118.180871,33.779061,Long Beach,urban,1.37,45711,242,0.01,D,ND,0,False,51,0.0118596914828102
KCEQ,-117.756136,33.777442,Santa Ana,suburban,0.83,884,866,0.01,C,DA-2,282,False,65,0.002418453282212
KZKK,-122.057436,36.979978,Santa Cruz,suburban,1.13,31480,0,0.01,D,DA-N,"38,165",False,101,0.0203754849436622
KFTP,-121.56951,36.560623,Salinas,suburban,1.47,9444,0,0.01,D,DA-D,132,False,112,0.0131512690807803
KPGJ,-117.288448,34.018228,Fontana,suburban,0.95,19203,36308,0.01,A,ND,0,False,124,0.0179919621302626
KRFD,-122.330217,37.743716,Oakland,urban,1.6,46730,8686,0.01,B,ND,0,False,96,0.0100236571297272
KCQM,-118.309325,34.095557,Los Angeles,urban,0.89,8433,138,0.01,D,DA-D,58,False,142,0.0088909808437164
KZJX,-121.302274,37.853062,Stockton,suburban,0.85,43337,12039,0.01,B,DA-D,"32,172,324",False,106,0.0260874669739151
KGWM,-121.517745,38.636086,Sacramento,urban,1.26,3962,0,0.01,D,DA-D,"185,193",False,72,0.0131697154145119
KVZC,-118.917277,35.265498,Bakersfield,urban,1.02,16158,0,0.01,D,DA-N,"168,317",False,137,0.0174029823906633
KPWR,-118.371639,33.928444,Los Angeles,urban,1.17,16460,47724,0.01,A,ND,0,False,127,0.0079198151637637
KVSB,-121.675637,36.717454,Salinas,suburban,0.77,40195,47574,0.01,A,DA-2,281,False,125,0.0235512923860708
KRAO,-121.340218,38.45299,Sacramento,urban,0.99,6725,74,0.01,D,DA-N,"176,327",False,74,0.0112189750539795
KZHU,-119.280609,36.160271,Tulare,rural,0.97,825,634,0.01,C,DA-N,"81,233",False,126,0.0111076351228958
KVVW,-121.846731,37.293271,San Jose,urban,1.31,878,912,0.01,C,DA-N,"130,168",False,111,0.0127758926903814
KQQT,-121.959255,37.5883,Hayward,suburban,0.89,32063,0,0.01,D,DA-N,234,False,51,0.0103600335453591
KCPX,-121.865739,37.392316,San Jose,urban,1.2,887,786,0.01,C,DA-N,"36,274",False,41,0.0216383014644765
KXRW,-118.295839,33.956461,Los Angeles,urban,0.64,28186,27001,0.01,B,DA-D,258,False,108,0.017533096672234
KCZL,-117.145685,32.591585,San Diego,urban,1.29,841,640,0.01,C,ND,0,True,33,0.0153402948939024
KVZG,-118.195456,33.978101,Los Angeles,urban,1.51,24153,19527,0.01,A,ND,0,False,61,0.0289731239944878
KWML,-119.892129,36.976622,Madera,rural,0.58,598,711,0.01,C,DA-D,275,False,143,0.027167938064
KKGU,-117.29789,33.916535,Riverside,suburban,1.16,33266,25263,0.01,B,DA-2,130,False,75,0.0032341730057048
KSIV,-121.887848,37.603212,Fremont,suburban,0.56,42942,9438,0.01,B,DA-D,317,False,43,0.0244103534740397
KPSS,-122.062337,37.70798,Hayward,suburban,0.71,14927,0,0.01,D,DA-N,"315,319",False,85,0.0028750751066338
KZAL,-122.135795,37.845016,Oakland,urban,0.85,36236,47288,0.01,B,DA-2,212,False,102,0.0083083501344411
KLTD,-118.19092,34.024158,Los Angeles,urban,1.28,20554,0,0.01,D,DA-N,138,False,82,0.0051827589886092
KORI,-122.233711,37.671096,Oakland,urban,1.24,864,886,0.01,C,ND,0,False,75,0.0180359825452478
KUBB,-118.354216,34.028879,Los Angeles,urban,1.08,17754,17305,0.01,B,ND,0,False,106,0.0234382918775514
KZVA,-121.91065,37.664399,Fremont,suburban,1.24,669,545,0.01,C,ND,0,False,42,0.0284382670425109
KOYK,-121.768476,39.70352,Chico,rural,1.43,9327,0,0.01,D,DA-2,215,False,85,0.0264928714283437
KMEK,-121.105641,38.056319,Lodi,rural,0.93,46484,6345,0.01,B,DA-D,46,False,32,0.0264997365964846
KBOR,-117.244124,32.530773,Chula Vista,suburban,1.48,34926,0,0.01,D,ND,0,True,79,0.0098816527113463
KUOJ,-121.108714,37.522719,Modesto,suburban,0.94,46712,41689,0.01,B,ND,0,False,93,0.0062718144470543
KXPO,-121.423051,38.687394,Sacramento,urban,0.83,950,895,0.01,C,DA-N,101,False,33,0.0190403957972262
KYXU,-118.102046,33.949574,Los Angeles,urban,1.42,19349,0,0.01,D,ND,0,False,53,0.0181130834895087
KECF,-118.206776,33.959025,Los Angeles,urban,0.82,22361,0,0.01,D,DA-2,"280,330",False,115,0.0170793934978428
KIJG,-121.760527,36.763534,Salinas,suburban,0.89,26745,0,0.01,D,DA-N,"51,57,325",False,71,0.027444143766856
KOSN,-121.444891,38.651039,Sacramento,urban,1.51,23517,21992,0.01,B,DA-D,129,False,84,0.0127229044856058
KJMM,-121.891703,37.289961,San Jose,urban,0.9,699,656,0.01,C,DA-N,189,False,119,0.0025983506537895
KVEC,-119.689001,36.852771,Fresno,urban,1.6,42439,36572,0.01,B,ND,0,False,52,0.0195870404176112
KTNB,-117.49778,33.900042,Riverside,suburban,0.71,40242,4436,0.01,B,DA-2,"91,278",False,117,0.0212763103119798
KXCY,-119.700955,36.852842,Fresno,urban,0.92,537,865,0.01,C,DA-N,138,False,108,0.0014521885761006
KXFR,-117.596633,34.206879,Fontana,suburban,0.83,623,837,0.01,C,DA-N,"215,281",False,77,0.0276099271647321
KKEP,-118.272321,33.803009,Long Beach,urban,0.68,972,716,0.01,C,DA-2,"171,178",False,31,0.0130607337123386
KKHX,-117.293646,34.193901,San Bernardino,suburban,1.24,39580,0,0.01,D,DA-2,304,False,118,0.0074662631529957
KQCX,-121.762206,36.674602,Salinas,suburban,0.89,21705,42,0.01,D,DA-2,264,False,66,0.0092564399451742
KOCD,-117.742878,33.832764,Santa Ana,suburban,1.5,5919,142,0.01,D,DA-N,0,False,43,0.0042307921546005
KAKC,-117.96701,33.736929,Irvine,suburban,1.65,33570,41325,0.01,B,DA-2,89,False,128,0.0021905052976565
KYTE,-122.142969,37.590538,Hayward,suburban,1.4,47276,10931,0.01,A,DA-2,194,False,74,0.0143990273685666
KXBJ,-118.241875,34.172963,Los Angeles,urban,1.1,615,594,0.01,C,DA-N,"231,300",False,38,0.0254592467853986
KPHE,-118.303215,34.064936,Los Angeles,urban,0.6,7548,0,0.01,D,DA-2,"4,98",False,77,0.0021144706171833
KXRA,-119.921544,36.612589,Fresno,urban,0.58,35396,47155,0.01,A,ND,0,False,58,0.0231031112538301
KAOA,-117.168672,32.803267,San Diego,urban,0.57,37703,0,0.01,D,DA-2,"141,269",True,108,0.0082512271181437
KZQM,-119.033873,35.481023,Bakersfield,urban,0.63,950,684,0.01,C,DA-N,185,False,79,0.029975073937022
KWJA,-121.617488,38.664154,Sacramento,urban,1.41,30392,105,0.01,D,ND,0,False,99,0.0256988257958187
KZDQ,-117.114437,32.561208,Chula Vista,suburban,0.89,952,713,0.01,C,DA-2,314,True,89,0.0115432475939112
KIKS,-117.252021,32.636218,San Diego,urban,0.92,12765,0,0.01,D,DA-2,"238,266,317",True,69,0.0071918967991475
KDCQ,-118.13511,33.998233,Los Angeles,urban,0.71,41117,0,0.01,D,DA-N,96,False,149,0.0160075248891244
KELS,-118.189226,34.021381,Los Angeles,urban,1.29,639,881,0.01,C,DA-N,"95,273",False,49,0.0129274022145437
KMWD,-118.303652,34.168755,Los Angeles,urban,1.55,977,890,0.01,C,DA-D,"6,55",False,40,0.0016225160006537
KXWI,-122.123576,37.693575,Oakland,urban,1.53,33376,23304,0.01,A,DA-2,"41,191,228",False,90,0.0108200023949481
KEHU,-121.902056,36.882157,Santa Cruz,suburban,1.11,10949,0,0.01,D,DA-N,"187,260,322",False,44,0.0202522036091733
KDLT,-118.282535,33.953713,Los Angeles,urban,0.92,25112,0,0.01,D,ND,0,False,32,0.0179990857985282
KZJL,-118.26088,34.071635,Los Angeles,urban,1.08,510,996,0.01,C,DA-N,238,False,40,0.0267082304561814
KBDH,-117.1967,32.611348,Chula Vista,suburban,1.33,44087,50,0.01,D,DA-D,41,True,132,0.0153477469940685
KQPZ,-117.240535,32.679272,San Diego,urban,1.48,33897,71,0.01,D,DA-D,"0,76,238",True,60,0.0213149316675398
KGZI,-122.250111,37.713504,San Francisco,urban,0.8,48037,31021,0.01,B,DA-N,"227,349",False,31,0.0223045967045122
KAJX,-118.018521,33.713072,Santa Ana,suburban,0.87,49033,18713,0.01,B,ND,0,False,119,0.0118791167939708
KJNZ,-117.328663,33.932898,Riverside,suburban,0.74,8923,0,0.01,D,ND,0,False,63,0.0170190968334242
KMGX,-115.69659,32.905183,El Centro,rural,0.83,48661,21880,0.01,B,DA-D,"30,37,100",True,52,0.0118282604357884
KEUU,-117.120156,32.893095,El Cajon,suburban,1.35,506,877,0.01,C,DA-N,"34,320",True,130,0.0202832040493871
KPBD,-121.741298,37.451174,San Jose,urban,1.42,595,546,0.01,C,DA-2,"30,280",False,59,0.0070963521856811
KSKQ,-121.778354,37.255129,San Jose,urban,0.91,46665,0,0.01,D,ND,0,False,53,0.0146071032088536
KTPW,-118.241226,34.036664,Los Angeles,urban,1.4,15213,21524,0.01,A,DA-N,142,False,119,0.0230883291378439
KEWT,-121.922106,37.26461,San Jose,urban,1.43,39067,0,0.01,D,DA-N,"171,263",False,124,0.0079823501287845
KAXR,-121.956538,39.669432,Chico,rural,0.63,9038,5114,0.01,B,DA-2,4,False,40,0.020547015750174
KXLZ,-122.050506,37.595662,Fremont,suburban,0.87,23939,0,0.01,D,DA-2,"48,188",False,87,0.0113852632829814
KMOT,-117.189938,32.566617,Chula Vista,suburban,1.34,45526,0,0.01,D,ND,0,True,142,0.0143875663459797
KYWZ,-118.113515,34.042369,Los Angeles,urban,1.56,29883,0,0.01,D,DA-N,"12,285",False,130,0.0101849814583529
KZQK,-117.194689,33.976935,San Bernardino,suburban,1.08,838,963,0.01,C,ND,0,False,52,0.0053801208823559
KYFA,-118.318437,34.04471,Los Angeles,urban,0.71,13210,0,0.01,D,DA-D,172,False,92,0.0185979249849032
KMLW,-118.189619,34.048779,Los Angeles,urban,1.7,680,992,0.01,C,ND,0,False,43,0.0029402762996819
KIMH,-118.049559,33.69852,Long Beach,urban,0.89,911,610,0.01,C,DA-N,15,False,110,0.0055994695039006
KQRL,-117.280139,32.613497,San Diego,urban,0.85,644,674,0.01,C,ND,0,True,122,0.0118272861347094
KRDO,-118.401026,34.045044,Los Angeles,urban,1.3,689,713,0.01,C,DA-N,232,False,146,0.0262843396304105
KIXZ,-122.252388,37.881915,Oakland,urban,1.26,795,906,0.01,C,DA-N,148,False,71,0.0236662585686726
KOXS,-121.549913,36.707264,Salinas,suburban,1.1,16574,0,0.01,D,ND,0,False,143,0.0015625214359934
KNCT,-122.562564,37.808307,San Francisco,urban,1.4,37174,31322,0.01,B,ND,0,False,107,0.0271124855714768
KYSB,-120.164479,36.931556,Madera,rural,0.88,23101,47655,0.01,B,DA-N,0,False,58,0.0193590248010199
KIVM,-122.348932,37.708757,Oakland,urban,1.17,21223,124,0.01,D,DA-N,"146,150",False,107,0.0044905101252568
KTTF,-118.314664,34.13297,Los Angeles,urban,1.3,904,692,0.01,C,DA-N,354,False,56,0.0051777284189089
KAQT,-118.255137,33.938338,Los Angeles,urban,1.29,965,575,0.01,C,ND,0,False,87,0.0191508062413227
KOPT,-118.317569,33.946185,Los Angeles,urban,1.31,641,601,0.01,C,ND,0,False,120,0.0185897316720088
KHPI,-118.339219,33.639548,Long Beach,urban,0.57,21649,0,0.01,D,DA-2,272,False,110,0.0135935289989674
KIEP,-118.19685,34.122614,Los Angeles,urban,1.18,26234,38068,0.01,B,ND,0,False,126,0.0174873592268084
KWBS,-119.163256,35.273805,Bakersfield,urban,0.56,4699,0,0.01,D,ND,0,False,96,0.0057380702440705
KSCJ,-118.253989,34.540773,Palmdale,rural,1.4,27516,5559,0.01,B,DA-N,1,False,112,0.0239021322018184
KSOC,-117.978517,33.66638,Santa Ana,suburban,1.27,17338,0,0.01,D,DA-N,"135,346",False,35,0.0073510262146391
KGDW,-117.347593,34.108458,San Bernardino,suburban,0.85,887,824,0.01,C,DA-2,"1,180",False,115,0.0217275230453656
KAFM,-118.380502,34.011492,Los Angeles,urban,1.37,24374,130,0.01,D,DA-N,124,False,30,0.0275408192217552
KTHO,-121.11299,37.64204,Modesto,suburban,0.89,603,886,0.01,C,DA-N,"216,238",False,80,0.0044558621560291
KHAP,-119.768618,36.787721,Fresno,urban,1.18,26837,0,0.01,D,ND,0,False,35,0.0122361098701837
KCYF,-118.166813,34.122405,Los Angeles,urban,1.58,24569,46203,0.01,B,ND,0,False,116,0.0072159304522939
KPHM,-122.173054,37.708754,Hayward,suburban,0.65,21536,15208,0.01,B,DA-2,"146,165",False,140,0.0106840284018533
KMSS,-117.196193,32.704317,San Diego,urban,1.06,15830,33222,0.01,B,DA-N,190,True,139,0.0281969300747441
KCCA,-118.060712,33.709897,Anaheim,urban,1.39,505,984,0.01,C,DA-N,354,False,78,0.0221336986383439
KYCJ,-121.129371,37.997098,Stockton,suburban,0.85,29433,5987,0.01,B,DA-2,354,False,145,0.0044822189938981
KDLY,-121.755135,36.730817,Monterey,suburban,1.42,8135,0,0.01,D,ND,0,False,117,0.0239901132425715
KWYE,-117.322951,33.848594,Riverside,suburban,1.38,34834,38996,0.01,B,ND,0,False,118,0.0171658995741672
KHSM,-118.356797,34.11475,Los Angeles,urban,1.58,533,703,0.01,C,DA-2,"313,346",False,82,0.0060756638811104
KYWS,-121.392709,38.016854,Stockton,suburban,0.58,17766,0,0.01,D,DA-D,"5,127,325",False,141,0.0173331470953403
KWOS,-117.091853,32.794609,San Diego,urban,0.94,880,524,0.01,C,DA-2,49,True,88,0.0248007118456198
KOJX,-118.230402,34.113335,Los Angeles,urban,1.48,21268,0,0.01,D,DA-N,266,False,74,0.0232520853763895
KDRX,-122.450917,37.822389,San Francisco,urban,1.05,28542,0,0.01,D,DA-N,"230,239,314",False,140,0.0207297923919857
KXIX,-122.201995,37.799263,Hayward,suburban,1.59,22640,0,0.01,D,DA-D,"101,146",False,80,0.0033705584695924
KKCN,-117.288366,32.59191,San Diego,urban,1.38,502,630,0.01,C,DA-2,"98,141,225",True,71,0.022223786251676
KUOK,-118.278669,34.094603,Los Angeles,urban,1.13,38065,89,0.01,D,DA-N,"37,304",False,144,0.0228462489579737
KSXZ,-121.292444,38.038764,Stockton,suburban,0.78,9732,46543,0.01,B,DA-N,"137,144,264",False,42,0.0285949665801252
KEAH,-118.730567,34.091434,Thousand Oaks,suburban,1.33,49596,5675,0.01,B,ND,0,False,38,0.0083495831424398
KYKJ,-121.963878,36.947884,Santa Cruz,suburban,1.34,24674,23489,0.01,B,DA-2,129,False,109,0.0181010330965154
KMPB,-119.930617,36.744458,Fresno,urban,0.6,25947,24035,0.01,B,DA-2,327,False,126,0.0166315017888235
KCRQ,-122.258227,37.734645,San Francisco,urban,0.83,751,513,0.01,C,DA-D,324,False,90,0.0083125350458049
KCGV,-122.410077,37.839886,Oakland,urban,1.4,29893,23110,0.01,B,DA-D,301,False,69,0.017026147220565
KSLP,-121.772901,39.619028,Chico,rural,1.43,803,941,0.01,C,DA-N,"14,302",False,53,0.0144322193560562
KSKY,-117.306066,32.757241,San Diego,urban,0.57,38631,0,0.01,D,ND,0,True,92,0.0060436416802226
KLWB,-122.055587,37.00143,Santa Cruz,suburban,1.31,851,579,0.01,C,ND,0,False,137,0.0032277988700164
KMGK,-118.193506,34.118289,Los Angeles,urban,1.44,16575,25688,0.01,B,DA-N,82,False,140,0.0208079609269166
KVFL,-117.028864,32.769965,San Diego,urban,0.83,6904,0,0.01,D,DA-D,"311,359",True,85,0.0015955905507792
KNSQ,-118.252293,33.945802,Los Angeles,urban,1.29,18528,0,0.01,D,DA-N,32,False,142,0.0285111989474025
KJKX,-118.121199,34.162096,Los Angeles,urban,1.48,12930,2580,0.01,B,ND,0,False,50,0.0035049483145937
KEFR,-117.807867,33.697011,Irvine,suburban,0.69,31568,17,0.01,D,DA-N,"258,352",False,48,0.0097099500362815
KTKJ,-119.336508,34.200256,Oxnard,suburban,0.73,34627,0,0.01,D,DA-N,"85,193",False,140,0.014931285897162
KFRM,-121.765892,36.600436,Salinas,suburban,1.45,41243,42510,0.01,B,ND,0,False,110,0.0167006820880032
KUDD,-117.045077,32.718367,San Diego,urban,0.67,9456,32305,0.01,B,DA-N,"48,82",True,126,0.0129917500566941
KQYV,-118.033657,34.5541,Palmdale,rural,1.15,12812,31003,0.01,A,ND,0,False,33,0.0065855651309938
KSJL,-122.513526,37.865811,San Francisco,urban,0.85,8594,0,0.01,D,DA-D,"82,275",False,96,0.0093412026719515
KULA,-119.912631,36.629593,Fresno,urban,0.72,19539,12618,0.01,A,ND,0,False,80,0.0091441708838247
KQZI,-118.209352,34.143099,Los Angeles,urban,1.3,20444,218,0.01,D,DA-2,"90,279",False,41,0.0210512981876774
KZNQ,-118.20158,33.934074,Los Angeles,urban,1.66,18026,0,0.01,D,DA-N,"239,239",False,102,0.006546730720303
KRHP,-121.760523,36.723561,Salinas,suburban,0.57,813,955,0.01,C,DA-N,"171,232",False,100,0.0103131321737875
KUPE,-122.290784,37.835601,San Francisco,urban,1.29,42100,0,0.01,D,ND,0,False,131,0.0193698829865551
KIXV,-118.279051,34.018416,Los Angeles,urban,1.54,867,638,0.01,C,DA-N,"184,214,317",False,62,0.0046084490569598
KJOK,-118.141927,33.93505,Los Angeles,urban,1.59,16949,0,0.01,D,DA-2,"166,181,261",False,110,0.0294692031830342
KPMK,-118.347725,33.949347,Los Angeles,urban,1.4,23930,194,0.01,D,DA-D,38,False,100,0.0165214564635158
KDCT,-121.810537,36.656961,Salinas,suburban,1.28,48273,38130,0.01,B,DA-N,40,False,122,0.0090380403268445
KLFQ,-119.253323,34.216586,Oxnard,suburban,1.16,36466,90,0.01,D,DA-N,234,False,51,0.0243655989320992
KVFQ,-119.910494,36.869631,Fresno,urban,1.11,48776,157,0.01,D,DA-2,303,False,61,0.0255160857944612
KFLE,-118.284625,33.681868,Long Beach,urban,0.98,17037,10207,0.01,A,ND,0,False,69,0.0136206051842085
KWWL,-118.002501,34.507016,Palmdale,rural,1.51,27023,0,0.01,D,DA-N,282,False,126,0.0120247163896841
KOHW,-118.149235,34.049908,Los Angeles,urban,1.12,34586,0,0.01,D,DA-D,281,False,107,0.0069586178572168
KDCV,-118.022202,33.886135,Anaheim,urban,1.65,31476,14574,0.01,B,DA-N,222,False,61,0.0217330797644681
KXJW,-119.284833,36.332201,Tulare,rural,0.71,46917,25995,0.01,A,ND,0,False,38,0.0141151284030006
KUKI,-120.486072,37.27003,Merced,rural,0.83,870,728,0.01,C,DA-2,"43,128,176",False,146,0.0299158733527057
KMEW,-121.954816,37.587692,Fremont,suburban,1.06,914,600,0.01,C,DA-N,"9,266",False,41,0.0215060318973634
KEQO,-122.072177,37.601338,Hayward,suburban,0.58,630,731,0.01,C,DA-D,102,False,65,0.0262592527610281
KEKE,-117.79332,33.719513,Anaheim,urban,1.57,40944,0,0.01,D,DA-N,"84,330",False,144,0.0058698602754705
KAYP,-117.20074,33.993989,San Bernardino,suburban,1.38,637,918,0.01,C,DA-2,"54,317",False,122,0.0061887954356434
